date,, spi3, spi6,,1,3,6
1/1/1936,1.03,,,1.03,1.028452808,,
2/1/1936,0.99,,,0.99,0.987325797,,
3/1/1936,-0.14,0.5,,-0.14,-0.142184189,0.503064047,
4/1/1936,0.64,0.52,,0.64,0.636539005,0.51709566,
5/1/1936,0.09,0.18,,0.09,0.091134938,0.180469378,
6/1/1936,-1.09,-0.37,-0.2,-1.09,-1.094154188,-0.368966824,-0.203359714
7/1/1936,-3.12,-1.75,-1.2,-3.12,-3.117537302,-1.751111301,-1.199336343
8/1/1936,0.51,-1.8,-1.22,0.51,0.509917998,-1.801745576,-1.218930262
9/1/1936,-1.78,-2.13,-1.68,-1.78,-1.782748682,-2.130873432,-1.682196793
10/1/1936,-1.65,-1.31,-2.35,-1.65,-1.647007815,-1.311802647,-2.35021446
11/1/1936,-1.31,-3.58,-2.94,-1.31,-1.313178534,-3.582465851,-2.939395661
12/1/1936,2.48,-0.01,-1.89,2.48,2.478853481,-0.009563534,-1.893567419
1/1/1937,1.66,1.69,-0.3,1.66,1.658501096,1.690767572,-0.297950706
2/1/1937,-0.2,2.02,-0.73,-0.2,-0.19567705,2.02473564,-0.734189784
3/1/1937,-0.08,0.42,0.14,-0.08,-0.078001636,0.416074558,0.142124743
4/1/1937,-0.14,-0.4,0.47,-0.14,-0.140222306,-0.397328798,0.474979188
5/1/1937,-1.18,-1.12,-0.14,-1.18,-1.178829517,-1.117585334,-0.143441416
6/1/1937,-0.05,-1,-0.78,-0.05,-0.046797214,-1.0001296,-0.775264473
7/1/1937,-0.39,-1.04,-1.16,-0.39,-0.392608851,-1.035607808,-1.155764232
8/1/1937,0.45,-0.27,-1.03,0.45,0.452809177,-0.27493183,-1.029195043
9/1/1937,1.68,0.96,-0.01,1.68,1.682493859,0.963103039,-0.008251521
10/1/1937,0.32,1.58,0.13,0.32,0.319213384,1.582708277,0.134116489
11/1/1937,-1.31,1.35,0.54,-1.31,-1.313178534,1.346865107,0.542013804
12/1/1937,1.26,0.2,0.88,1.26,1.255711857,0.200005471,0.8838442
1/1/1938,-1.24,-0.41,1.43,-1.24,-1.23679973,-0.408309159,1.429240586
2/1/1938,0.47,0.45,1.45,0.47,0.473512856,0.450432999,1.450520783
3/1/1938,0.57,0.17,0.12,0.57,0.565480071,0.174537187,0.121730067
4/1/1938,1.99,1.82,1.46,1.99,1.989944729,1.815873171,1.455437534
5/1/1938,0.23,1.37,1.34,0.23,0.22870467,1.373273265,1.340384542
6/1/1938,-1.29,0.63,0.56,-1.29,-1.286916938,0.626970184,0.557164515
7/1/1938,0.33,-0.38,0.62,0.33,0.331159042,-0.378941485,0.624716687
8/1/1938,-0.53,-0.81,0.43,-0.53,-0.531850991,-0.806480896,0.431497818
9/1/1938,0.69,0.21,0.54,0.69,0.688482469,0.213936212,0.542039944
10/1/1938,-1.74,-0.52,-0.7,-1.74,-1.744836315,-0.519137014,-0.702136434
11/1/1938,-0.23,-0.25,-0.89,-0.23,-0.234022939,-0.250063262,-0.891482379
12/1/1938,0.02,-1.71,-0.37,0.02,0.021018306,-1.711214535,-0.373763757
1/1/1939,1.71,0.63,-0.3,1.71,1.707483233,0.62656678,-0.303565406
2/1/1939,1.82,1.75,0.56,1.82,1.822219168,1.745758996,0.562035155
3/1/1939,2.29,2.73,1.65,2.29,2.289817977,2.727712639,1.64832331
4/1/1939,-0.44,1.55,1.49,-0.44,-0.436056917,1.553546236,1.488182023
5/1/1939,0.44,1.02,1.4,0.44,0.438660899,1.023215704,1.404869585
6/1/1939,0.4,0.17,1.4,0.4,0.401739777,0.166315707,1.40106583
7/1/1939,-1.93,-0.44,0.41,-1.93,-1.929000513,-0.444032039,0.407857248
8/1/1939,-1.23,-1.34,-0.19,-1.23,-1.23408842,-1.337396184,-0.192749453
9/1/1939,-1.51,-3.1,-1.57,-1.51,-1.508124495,-3.098822494,-1.57493964
10/1/1939,0.63,-1.36,-1.17,0.63,0.631326063,-1.359961587,-1.166555234
11/1/1939,-1.31,-0.97,-1.72,-1.31,-1.313178534,-0.972436969,-1.717369112
12/1/1939,0.92,0.31,-2.33,0.92,0.918344641,0.311547246,-2.3301042
1/1/1940,0.71,0.1,-1.32,0.71,0.711802411,0.103725334,-1.321181363
2/1/1940,-1.16,0.35,-0.89,-1.16,-1.157929089,0.345691583,-0.893707461
3/1/1940,0.63,0.33,0.31,0.63,0.629394864,0.32596818,0.314476364
4/1/1940,0.66,0.5,0.39,0.66,0.656773401,0.500427736,0.394134389
5/1/1940,-1.68,-0.48,-0.4,-1.68,-1.677687191,-0.482737937,-0.396221571
6/1/1940,-0.6,-1.07,-0.88,-0.6,-0.604132521,-1.074942048,-0.879374046
7/1/1940,-0.64,-1.73,-1.19,-0.64,-0.635713177,-1.725495198,-1.192044949
8/1/1940,-0.72,-1.3,-1.42,-0.72,-0.716719038,-1.295524461,-1.423039304
9/1/1940,-0.69,-1.49,-1.92,-0.69,-0.694891361,-1.490575921,-1.923436052
10/1/1940,0.55,-0.83,-2.04,0.55,0.545172363,-0.825902537,-2.042722469
11/1/1940,1.2,0.08,-1.07,1.2,1.20380401,0.080708951,-1.070966477
12/1/1940,1.46,1.25,-0.6,1.46,1.455440128,1.252063698,-0.59627821
1/1/1941,1.25,1.77,0.11,1.25,1.249978579,1.769111509,0.109126737
2/1/1941,1.32,1.77,0.84,1.32,1.320843169,1.769910109,0.844603512
3/1/1941,0.85,1.33,1.75,0.85,0.847799768,1.330794315,1.751317673
4/1/1941,0.9,1.23,1.66,0.9,0.900353652,1.227305028,1.65869383
5/1/1941,-0.09,0.55,1.01,-0.09,-0.091468232,0.548684878,1.010559984
6/1/1941,0.8,0.69,1.06,0.8,0.795122562,0.688474498,1.05686443
7/1/1941,-0.01,0.19,0.7,-0.01,-0.005624286,0.194067381,0.697680535
8/1/1941,0.17,0.37,0.57,0.17,0.167956029,0.367916083,0.573278457
9/1/1941,1.03,0.5,0.78,1.03,1.034974037,0.501419088,0.784737926
10/1/1941,1.37,1.33,0.86,1.37,1.370935012,1.325127992,0.860452325
11/1/1941,-0.38,1.29,0.97,-0.38,-0.380604686,1.294940954,0.973341905
12/1/1941,1.07,1.18,0.9,1.07,1.074823955,1.183706583,0.899791326
1/1/1942,-0.2,0.09,1.29,-0.2,-0.200509162,0.089827645,1.288355793
2/1/1942,2.12,1.64,1.87,2.12,2.121356369,1.638993828,1.874855201
3/1/1942,0.45,1.12,1.55,0.45,0.45401653,1.119552854,1.547852227
4/1/1942,2,2.18,1.91,2,1.998533684,2.176474505,1.905890168
5/1/1942,1.82,2.39,2.59,1.82,1.81688645,2.391236181,2.593312738
6/1/1942,0.14,2.24,2.33,0.14,0.144334598,2.24149641,2.333394666
7/1/1942,-1.65,0.56,1.53,-1.65,-1.648528895,0.557335409,1.534389526
8/1/1942,-0.47,-1.17,1.18,-0.47,-0.473277137,-1.172554022,1.181466324
9/1/1942,0.25,-1.34,1.13,0.25,0.250912363,-1.342477812,1.126288158
10/1/1942,0.21,-0.25,0.3,0.21,0.207993045,-0.254736396,0.29536854
11/1/1942,0.21,0.11,-0.96,0.21,0.211311026,0.109944504,-0.959428611
12/1/1942,-0.51,-0.09,-1.3,-0.51,-0.512206454,-0.086705253,-1.304742955
1/1/1943,-1.16,-0.77,-0.59,-1.16,-1.160833379,-0.774320303,-0.593996151
2/1/1943,-0.63,-1.49,-0.44,-0.63,-0.633587546,-1.489394061,-0.436349464
3/1/1943,-0.05,-0.78,-0.72,-0.05,-0.04691264,-0.782637261,-0.722769719
4/1/1943,0.46,0.06,-0.27,0.46,0.461285605,0.057778262,-0.273086398
5/1/1943,-0.76,-0.46,-0.79,-0.76,-0.758654928,-0.457775696,-0.789150401
6/1/1943,-0.36,-0.65,-0.9,-0.36,-0.364041941,-0.649911144,-0.904726653
7/1/1943,0.45,-0.45,-0.44,0.45,0.450440542,-0.454980758,-0.443679128
8/1/1943,-1.25,-0.48,-0.79,-1.25,-1.250415258,-0.483064786,-0.788088448
9/1/1943,-1.78,-0.97,-1.25,-1.78,-1.782748682,-0.970683103,-1.247083043
10/1/1943,-0.07,-2.03,-1.45,-0.07,-0.073779795,-2.030477207,-1.446168025
11/1/1943,-0.29,-1.47,-1.16,-0.29,-0.290637459,-1.467929369,-1.161331959
12/1/1943,-0.46,-0.55,-1.19,-0.46,-0.462394959,-0.551728324,-1.194648026
1/1/1944,1.8,0.53,-1.62,1.8,1.802969302,0.534859686,-1.619753419
2/1/1944,0.24,0.85,-0.95,0.24,0.244954967,0.851801476,-0.948668133
3/1/1944,0.01,0.66,-0.01,0.01,0.01342619,0.66067808,-0.010043765
4/1/1944,-0.23,-0.31,-0.09,-0.23,-0.227410321,-0.314548021,-0.090241776
5/1/1944,-0.65,-0.8,-0.48,-0.65,-0.651571665,-0.798095908,-0.476904385
6/1/1944,0.63,-0.27,-0.05,0.63,0.634542012,-0.272335899,-0.053123368
7/1/1944,1.07,0.56,0.3,1.07,1.07454067,0.560250261,0.301545156
8/1/1944,0.41,1.12,0.38,0.41,0.411353513,1.116608066,0.37892458
9/1/1944,-0.26,0.7,0.24,-0.26,-0.263868165,0.703880299,0.240191266
10/1/1944,-1.23,-0.62,0.13,-1.23,-1.229802853,-0.620487125,0.131300865
11/1/1944,1.88,0,0.87,1.88,1.877653356,-0.002767979,0.869109037
12/1/1944,-0.32,0.35,0.7,-0.32,-0.323941925,0.353260861,0.701957384
1/1/1945,-0.46,1.19,-0.09,-0.46,-0.456842992,1.186470744,-0.089763658
2/1/1945,-0.06,-0.62,-0.36,-0.06,-0.055320547,-0.620210444,-0.355804384
3/1/1945,-0.32,-0.62,-0.24,-0.32,-0.316240414,-0.61823901,-0.236201944
4/1/1945,0.05,-0.31,0.24,0.05,0.04989347,-0.314548021,0.241790327
5/1/1945,-1.16,-1.06,-1.21,-1.16,-1.158144653,-1.062977705,-1.209439236
6/1/1945,0.37,-0.59,-0.8,0.37,0.366226205,-0.586848418,-0.800030607
7/1/1945,0.36,-0.28,-0.46,0.36,0.361493522,-0.283178923,-0.462342111
8/1/1945,1.38,0.89,0.04,1.38,1.38387851,0.888553154,0.039774194
9/1/1945,0.83,1.17,0.41,0.83,0.827545589,1.166707261,0.411948412
10/1/1945,-0.66,1.03,0.29,-0.66,-0.663439678,1.03141217,0.292622043
11/1/1945,-0.13,0.23,0.78,-0.13,-0.127683594,0.229624296,0.779457622
12/1/1945,0.3,-0.69,0.81,0.3,0.299984306,-0.688123257,0.806640674
1/1/1946,-0.81,-0.52,0.82,-0.81,-0.814980442,-0.51660101,0.82001947
2/1/1946,-0.27,-0.52,-0.07,-0.27,-0.271843221,-0.515169199,-0.069226453
3/1/1946,1.02,0.45,-0.27,1.02,1.019829967,0.451228745,-0.27413057
4/1/1946,-0.49,0.03,-0.22,-0.49,-0.491924375,0.031880302,-0.220548747
5/1/1946,0.9,0.68,0.48,0.9,0.89913431,0.678923379,0.477298181
6/1/1946,-0.91,-0.18,-0.06,-0.91,-0.906847502,-0.177814025,-0.060168849
7/1/1946,-0.86,-0.42,-0.43,-0.86,-0.859554216,-0.418597304,-0.425087832
8/1/1946,0.58,-0.94,-0.25,0.58,0.581824619,-0.942283357,-0.250833661
9/1/1946,0.88,0.1,-0.15,0.88,0.883770407,0.096023081,-0.149479931
10/1/1946,1.41,1.42,0.45,1.41,1.405700566,1.415140869,0.447342613
11/1/1946,0.86,1.44,0.16,0.86,0.85808743,1.440824526,0.16494428
12/1/1946,-1.01,1.21,0.57,-1.01,-1.014372488,1.208727852,0.574928599
1/1/1947,0.9,0.56,1.53,0.9,0.898199698,0.558085576,1.527728171
2/1/1947,-1,-0.38,1.32,-1,-1.004071102,-0.37767258,1.320748141
3/1/1947,-2.34,-1.03,0.41,-2.34,-2.336290591,-1.034648962,0.410526963
4/1/1947,0.01,-0.93,-0.52,0.01,0.014971288,-0.933760177,-0.518367835
5/1/1947,-0.86,-1.2,-1.27,-0.86,-0.86251632,-1.204557985,-1.271588346
6/1/1947,1.7,0.59,0.22,1.7,1.701857551,0.589012512,0.217572446
7/1/1947,-1.37,-0.06,-0.49,-1.37,-1.365114002,-0.057925789,-0.487338702
8/1/1947,-1.33,0,-0.83,-1.33,-1.334082142,0.004420238,-0.832094535
9/1/1947,0.45,-1.4,-0.44,0.45,0.454247946,-1.397254062,-0.442263233
10/1/1947,-0.45,-0.75,-0.52,-0.45,-0.454668736,-0.751566227,-0.519754375
11/1/1947,0.82,0.21,0.03,0.82,0.815765756,0.212823493,0.029372585
12/1/1947,0.15,-0.05,-1.33,0.15,0.151143934,-0.047824528,-1.330177867
1/1/1948,-0.01,0.43,-0.61,-0.01,-0.013474098,0.427708307,-0.612061784
2/1/1948,-0.58,-0.4,-0.05,-0.58,-0.58196524,-0.396698401,-0.050920366
3/1/1948,-0.3,-0.63,-0.6,-0.3,-0.297842021,-0.632591949,-0.602587617
4/1/1948,-1.06,-1.31,-0.84,-1.06,-1.05887972,-1.307884981,-0.835703053
5/1/1948,-1.09,-1.66,-1.69,-1.09,-1.087441999,-1.661369739,-1.685309701
6/1/1948,0.53,-0.88,-1.07,0.53,0.528711078,-0.878444058,-1.073175675
7/1/1948,-0.79,-0.83,-1.34,-0.79,-0.790453772,-0.829840974,-1.336420746
8/1/1948,0.33,-0.17,-1.23,0.33,0.326695899,-0.17053784,-1.226219643
9/1/1948,-0.19,-0.76,-1.28,-0.19,-0.189606585,-0.759717128,-1.279387542
10/1/1948,0.08,-0.17,-0.9,0.08,0.078238526,-0.174588344,-0.904110705
11/1/1948,-0.55,-0.52,-0.49,-0.55,-0.546975999,-0.516499643,-0.492160997
12/1/1948,0.63,-0.14,-0.83,0.63,0.634921141,-0.136214881,-0.825869911
1/1/1949,0.16,-0.14,-0.31,0.16,0.155346076,-0.144807747,-0.309187342
2/1/1949,-1.24,-0.16,-0.73,-1.24,-1.23949967,-0.163073735,-0.726783278
3/1/1949,0.32,-0.16,-0.37,0.32,0.323194051,-0.161517118,-0.374794989
4/1/1949,-1.48,-1.22,-1.09,-1.48,-1.477952147,-1.218956063,-1.090199177
5/1/1949,0.73,-0.01,-0.11,0.73,0.725156378,-0.011010165,-0.110444465
6/1/1949,0.6,0.24,0.1,0.6,0.595943968,0.241181472,0.099365608
7/1/1949,0.05,0.57,0.03,0.05,0.051887863,0.56898434,0.029287398
8/1/1949,0.17,0.27,0.11,0.17,0.167956029,0.271416563,0.112479314
9/1/1949,-0.1,-0.21,-0.04,-0.1,-0.10163592,-0.211711866,-0.043246935
10/1/1949,1.68,0.74,0.83,1.68,1.682126001,0.744065714,0.825103938
11/1/1949,-1.31,0.59,0.46,-1.31,-1.313178534,0.587276776,0.458727732
12/1/1949,-0.37,1.01,0.21,-0.37,-0.368424938,1.009570121,0.214389991
1/1/1950,0.06,-1.15,0.38,0.06,0.055956364,-1.151969451,0.378541295
2/1/1950,-0.16,-0.44,0.35,-0.16,-0.159189367,-0.435344814,0.347778125
3/1/1950,-0.49,-0.6,0.39,-0.49,-0.494081132,-0.603995366,0.385143626
4/1/1950,-1.79,-1.81,-2.01,-1.79,-1.793750782,-1.808698331,-2.012167494
5/1/1950,-0.91,-1.89,-1.9,-0.91,-0.907365217,-1.8933569,-1.901220693
6/1/1950,-1.73,-2.64,-2.62,-1.73,-1.733479385,-2.644054296,-2.620114229
7/1/1950,1.03,-0.54,-1.2,1.03,1.027363972,-0.536173581,-1.199336343
8/1/1950,1.4,0.58,-0.62,1.4,1.402508202,0.582655652,-0.618650455
9/1/1950,0.33,1.38,-0.43,0.33,0.32563631,1.381044096,-0.432896423
10/1/1950,-1.06,0.58,-0.2,-1.06,-1.058577339,0.578872218,-0.198383901
11/1/1950,-0.21,-0.45,0.2,-0.21,-0.206620347,-0.450768978,0.201367958
12/1/1950,-1.28,-1.56,0.85,-1.28,-1.28440758,-1.561648385,0.845379592
1/1/1951,-1.16,-1.54,0.13,-1.16,-1.160833379,-1.539280653,0.134697235
2/1/1951,-1.31,-2.86,-1.26,-1.31,-1.313178534,-2.861564956,-1.264971214
3/1/1951,-0.95,-1.95,-2.69,-0.95,-0.94977495,-1.951630867,-2.689578266
4/1/1951,-0.77,-1.54,-1.93,-0.77,-0.772897167,-1.535937047,-1.932735529
5/1/1951,0.32,-0.51,-0.95,0.32,0.316743162,-0.512941871,-0.951093998
6/1/1951,1.84,1.03,0.53,1.84,1.838901847,1.033259738,0.528888482
7/1/1951,1.32,1.78,1.16,1.32,1.318282514,1.784377328,1.160940668
8/1/1951,-0.03,1.9,1.24,-0.03,-0.028947736,1.90426417,1.240380174
9/1/1951,0.65,1.2,1.53,0.65,0.649408824,1.19604149,1.532114407
10/1/1951,0.64,0.52,1.82,0.64,0.640699665,0.517593332,1.8195265
11/1/1951,-0.23,0.58,1.82,-0.23,-0.234022939,0.577329889,1.823258424
12/1/1951,0.59,0.41,1.18,0.59,0.587324398,0.410621704,1.179221293
1/1/1952,0.28,0.03,0.45,0.28,0.280060262,0.033408565,0.446072004
2/1/1952,0.61,0.55,0.68,0.61,0.610424992,0.550807067,0.680386981
3/1/1952,-0.41,-0.12,0.1,-0.41,-0.412118822,-0.11657667,0.101225621
4/1/1952,-1.03,-0.95,-0.81,-1.03,-1.028089467,-0.952958485,-0.807265404
5/1/1952,0.61,-0.21,-0.09,0.61,0.61483519,-0.213196354,-0.089967379
6/1/1952,-1.43,-0.84,-0.86,-1.43,-1.425470811,-0.840259426,-0.862552386
7/1/1952,-1.2,-0.98,-1.35,-1.2,-1.197256491,-0.981053814,-1.347723653
8/1/1952,-1.44,-2.47,-1.97,-1.44,-1.439351906,-2.470650027,-1.968569238
9/1/1952,-0.55,-2.18,-2.13,-0.55,-0.547190369,-2.177630747,-2.129629781
10/1/1952,-1.06,-2.05,-1.98,-1.06,-1.058577339,-2.051045341,-1.984328978
11/1/1952,0.42,-1.05,-2.69,0.42,0.419524285,-1.045764992,-2.686905613
12/1/1952,-0.68,-0.93,-2.44,-0.68,-0.67548549,-0.932578294,-2.437724305
1/1/1953,-0.41,-0.36,-2.17,-0.41,-0.411261131,-0.356277463,-2.172504043
2/1/1953,0.43,-0.4,-1.35,0.43,0.425366749,-0.396698401,-1.353917889
3/1/1953,-0.65,-0.59,-1.29,-0.65,-0.65142013,-0.58985895,-1.287826628
4/1/1953,0.87,0.42,0.18,0.87,0.869550422,0.421451689,0.17587567
5/1/1953,-1.08,-0.49,-0.62,-1.08,-1.077547602,-0.487752905,-0.615474641
6/1/1953,-0.03,-0.33,-0.55,-0.03,-0.026440995,-0.330896926,-0.554346262
7/1/1953,0.8,-0.15,0,0.8,0.796743545,-0.145223828,-0.004642776
8/1/1953,-0.22,0.31,-0.16,-0.22,-0.22040754,0.307377509,-0.159386107
9/1/1953,-2.21,-0.26,-0.52,-2.21,-2.211570226,-0.260897383,-0.517723515
10/1/1953,0.59,-0.95,-0.7,0.59,0.593440842,-0.95127547,-0.695636258
11/1/1953,0.67,-0.59,-0.1,0.67,0.667497554,-0.591679508,-0.103230092
12/1/1953,-0.56,0.46,-0.11,-0.56,-0.564161613,0.458866676,-0.111023887
1/1/1954,-1.24,-0.34,-1.15,-1.24,-1.23679973,-0.339224746,-1.145645023
2/1/1954,-1.31,-2.13,-1.36,-1.31,-1.313178534,-2.12520348,-1.36295941
3/1/1954,-0.18,-1.13,-0.37,-0.18,-0.175351907,-1.127780376,-0.374794989
4/1/1954,-0.75,-1.11,-1.11,-0.75,-0.746679147,-1.112785427,-1.105951172
5/1/1954,0.19,-0.44,-0.84,0.19,0.189290426,-0.44288745,-0.838950739
6/1/1954,0.85,0.2,-0.17,0.85,0.84701388,0.200146636,-0.174368091
7/1/1954,-1.57,-0.23,-0.71,-1.57,-1.565905159,-0.234376141,-0.711791701
8/1/1954,0.95,0.08,-0.32,0.95,0.954194576,0.083807471,-0.318823696
9/1/1954,0.8,-0.04,0.04,0.8,0.801499287,-0.037864509,0.040996605
10/1/1954,-0.18,0.86,0.22,-0.18,-0.182531498,0.85952911,0.220801322
11/1/1954,-0.74,0.26,0.12,-0.74,-0.740823228,0.262942064,0.122154814
12/1/1954,-0.24,-0.75,-0.39,-0.24,-0.239318389,-0.753154118,-0.390182273
1/1/1955,0.34,-0.63,0.61,0.34,0.339459752,-0.631221799,0.61103451
2/1/1955,0.43,0.11,0.18,0.43,0.425366749,0.10606878,0.179322335
3/1/1955,-1.95,-0.74,-1.26,-1.95,-1.953653606,-0.73631067,-1.256354198
4/1/1955,-1.75,-2.06,-1.93,-1.75,-1.749559418,-2.060410907,-1.932735529
5/1/1955,1.63,0.48,0.42,1.63,1.634962037,0.480035727,0.416277717
6/1/1955,0,0.64,0.33,0,0.000471855,0.640702515,0.326656169
7/1/1955,-0.14,0.83,0.11,-0.14,-0.137470395,0.832300692,0.113214622
8/1/1955,-0.28,-0.41,-0.05,-0.28,-0.283955505,-0.4111642,-0.051526533
9/1/1955,0.17,-0.41,0.16,0.17,0.172958409,-0.407604882,0.15552158
10/1/1955,-0.41,-0.49,0.45,-0.41,-0.4062558,-0.494258154,0.450024301
11/1/1955,1.11,0.12,-0.36,1.11,1.107181642,0.115756328,-0.362515912
12/1/1955,-0.2,0.09,-0.41,-0.2,-0.198960076,0.092753284,-0.41078887
1/1/1956,-0.5,0.43,-0.38,-0.5,-0.503711846,0.427708307,-0.377222709
2/1/1956,-0.31,-0.73,-0.26,-0.31,-0.311679402,-0.731975396,-0.257669354
3/1/1956,-1.78,-1.62,-0.93,-1.78,-1.780408133,-1.620768129,-0.930722148
4/1/1956,-0.38,-1.17,-0.74,-0.38,-0.381770139,-1.165215321,-0.744321594
5/1/1956,-0.79,-1.39,-1.54,-0.79,-0.792709667,-1.386623923,-1.539158817
6/1/1956,0.25,-0.7,-1.14,0.25,0.251075118,-0.700132516,-1.135268987
7/1/1956,0.48,-0.13,-0.63,0.48,0.479436432,-0.131674681,-0.630415506
8/1/1956,0.88,0.66,-0.33,0.88,0.875844374,0.656695058,-0.328157051
9/1/1956,-2.09,0.01,-0.59,-2.09,-2.08904285,0.00863136,-0.587731892
10/1/1956,-0.36,-0.6,-0.52,-0.36,-0.359165993,-0.601254598,-0.516606555
11/1/1956,0.64,-1.28,-0.03,0.64,0.636369503,-1.282216254,-0.030185959
12/1/1956,-0.16,-0.2,-0.15,-0.16,-0.159779405,-0.197027755,-0.153782801
1/1/1957,-0.2,0.09,-0.63,-0.2,-0.200509162,0.089827645,-0.630204393
2/1/1957,-0.27,-0.54,-1.65,-0.27,-0.271843221,-0.535687374,-1.648055132
3/1/1957,-0.54,-0.78,-0.82,-0.54,-0.537076393,-0.782637261,-0.820497137
4/1/1957,0.37,-0.15,-0.16,0.37,0.372521808,-0.149556976,-0.157538942
5/1/1957,1.59,1.18,0.96,1.59,1.588045954,1.178976703,0.962858828
6/1/1957,0.58,1.45,1.1,0.58,0.579263662,1.454709465,1.09962101
7/1/1957,0.09,1.16,0.91,0.09,0.091353779,1.15539702,0.91111629
8/1/1957,-0.21,0.14,0.88,-0.21,-0.209968666,0.143441189,0.884218767
9/1/1957,0.1,-0.24,0.94,0.1,0.098965989,-0.242940329,0.941118798
10/1/1957,1.92,0.86,1.41,1.92,1.923558594,0.85952911,1.406750251
11/1/1957,-0.44,0.98,0.6,-0.44,-0.44442938,0.979529267,0.598760926
12/1/1957,-0.28,1.39,0.41,-0.28,-0.280944963,1.390627647,0.406499131
1/1/1958,-0.76,-1.1,0.51,-0.76,-0.759369425,-1.099952052,0.512705575
2/1/1958,-0.23,-0.85,0.69,-0.23,-0.233203492,-0.851660216,0.690522349
3/1/1958,0.11,-0.4,0.84,0.11,0.113852497,-0.402184851,0.841808986
4/1/1958,0.4,0.13,-0.28,0.4,0.402472926,0.134129529,-0.284885739
5/1/1958,0.1,0.12,-0.13,0.1,0.097008195,0.117695924,-0.126906747
6/1/1958,0.89,0.61,0.37,0.89,0.893061224,0.606301427,0.372264657
7/1/1958,1.81,1.54,1.37,1.81,1.813703509,1.541968708,1.369523394
8/1/1958,-0.2,1.69,1.38,-0.2,-0.199572204,1.685133968,1.375938069
9/1/1958,-0.57,1.11,1.16,-0.57,-0.570683686,1.110815948,1.160784959
10/1/1958,-0.86,-1.17,0.91,-0.86,-0.85983204,-1.171707014,0.90812559
11/1/1958,-0.48,-1.36,0.93,-0.48,-0.47764405,-1.356605123,0.933467935
12/1/1958,0.24,-1.02,0.67,0.24,0.242084882,-1.021176427,0.67214384
1/1/1959,0.45,-0.19,-1.29,0.45,0.453056758,-0.191754658,-1.292562832
2/1/1959,0.19,0.24,-1.28,0.19,0.189461749,0.236054939,-1.28255173
3/1/1959,-0.09,-0.04,-0.9,-0.09,-0.093790126,-0.040154782,-0.902794724
4/1/1959,-1.86,-1.41,-1.25,-1.86,-1.860539217,-1.412710285,-1.252184348
5/1/1959,0.43,-0.51,-0.46,0.43,0.43346711,-0.512941871,-0.45882088
6/1/1959,0.97,0.22,0.12,0.97,0.968486974,0.218841333,0.116415013
7/1/1959,-0.52,0.34,-0.24,-0.52,-0.521601524,0.339651548,-0.242987492
8/1/1959,0.41,0.31,-0.17,0.41,0.411353513,0.307377509,-0.174527415
9/1/1959,0.4,-0.18,-0.04,0.4,0.397454577,-0.180729607,-0.040322779
10/1/1959,0.54,0.5,0.49,0.54,0.535392517,0.498556043,0.487452002
11/1/1959,-1.2,0.17,0.26,-1.2,-1.200383483,0.167546225,0.255572181
12/1/1959,-1.5,-0.35,-0.39,-1.5,-1.504466926,-0.345423558,-0.386072103
1/1/1960,0.16,-1.47,0.06,0.16,0.155346076,-1.472933024,0.057585325
2/1/1960,2.14,1.12,0.55,2.14,2.143979047,1.122109442,0.551583166
3/1/1960,-0.54,0.73,0.18,-0.54,-0.537076393,0.732181622,0.175875597
4/1/1960,0.99,1.11,0.59,0.99,0.990731114,1.113293068,0.590667487
5/1/1960,0.37,0.52,0.75,0.37,0.370395071,0.518318884,0.746842389
6/1/1960,-0.97,0.11,0.3,-0.97,-0.974130677,0.105589438,0.300417143
7/1/1960,-0.58,-0.73,-0.08,-0.58,-0.581651481,-0.726944642,-0.076079412
8/1/1960,0.36,-0.94,-0.38,0.36,0.360845656,-0.942283357,-0.384474345
9/1/1960,-0.22,-0.62,-0.42,-0.22,-0.217023548,-0.623817817,-0.417317156
10/1/1960,0.44,0.01,-0.71,0.44,0.435135437,0.007537833,-0.708644136
11/1/1960,-0.32,-0.26,-1.01,-0.32,-0.319916002,-0.263404721,-1.009106
12/1/1960,0.15,0.07,-0.61,0.15,0.151143934,0.065245028,-0.613525137
1/1/1961,-1.24,-0.93,-0.36,-1.24,-1.23679973,-0.929571917,-0.360113876
2/1/1961,0.54,-0.23,-0.5,0.54,0.543299477,-0.231987505,-0.498013891
3/1/1961,0.51,0.15,0,0.51,0.510563068,0.154919838,0.004046103
4/1/1961,0.21,0.34,-0.05,0.21,0.208762134,0.340415024,-0.051650993
5/1/1961,1.28,1.07,0.91,1.28,1.280938466,1.073535045,0.911426149
6/1/1961,-1.71,0.19,0.15,-1.71,-1.705948734,0.188895555,0.153731234
7/1/1961,0.79,0.55,0.56,0.79,0.788159728,0.554418807,0.558487307
8/1/1961,-0.76,-0.6,0.3,-0.76,-0.755512044,-0.599810327,0.300676217
9/1/1961,0.97,0.73,0.58,0.97,0.972795217,0.725439335,0.576854664
10/1/1961,-0.31,0.09,0.46,-0.31,-0.313318992,0.092748785,0.463416136
11/1/1961,-0.35,0.46,-0.3,-0.35,-0.349891361,0.455424813,-0.302253388
12/1/1961,-0.8,-0.88,0.32,-0.8,-0.798809544,-0.875651391,0.321989283
1/1/1962,-0.99,-1.41,-0.37,-0.99,-0.989192669,-1.409413759,-0.371512278
2/1/1962,-0.4,-1.38,-0.01,-0.4,-0.395325266,-1.379164425,-0.014587677
3/1/1962,-0.14,-0.75,-1.36,-0.14,-0.142184189,-0.751620743,-1.362636587
4/1/1962,-0.97,-1.1,-1.51,-0.97,-0.968094973,-1.10244979,-1.50717242
5/1/1962,1.45,0.67,0.35,1.45,1.454846867,0.671592171,0.350711891
6/1/1962,1.99,1.86,1.49,1.99,1.990723409,1.857292833,1.49463265
7/1/1962,0.71,2.1,1.56,0.71,0.709717368,2.100145678,1.560361209
8/1/1962,-2.24,1.17,1.28,-2.24,-2.241952741,1.168333885,1.284239903
9/1/1962,0.41,-0.06,1.39,0.41,0.410222507,-0.059181022,1.392989107
10/1/1962,0.35,-0.67,1.66,0.35,0.351458551,-0.665789557,1.655494645
11/1/1962,-0.83,0.12,0.97,-0.83,-0.828651688,0.115756328,0.968040728
12/1/1962,0.33,-0.09,-0.17,0.33,0.328188377,-0.086705253,-0.173351014
1/1/1963,1.09,0.12,-0.68,1.09,1.09093068,0.117542598,-0.678967169
2/1/1963,-0.09,0.51,0.2,-0.09,-0.089068729,0.513648766,0.202196029
3/1/1963,-0.08,0.15,-0.11,-0.08,-0.078001636,0.154919838,-0.110328385
4/1/1963,-0.91,-0.94,-0.76,-0.91,-0.91008993,-0.943338992,-0.758187427
5/1/1963,-1.98,-2.04,-1.61,-1.98,-1.978653459,-2.043140819,-1.608187964
6/1/1963,0.73,-1,-0.89,0.73,0.726469526,-1.0001296,-0.892032231
7/1/1963,-0.3,-0.71,-1.1,-0.3,-0.304159875,-0.711347099,-1.098314541
8/1/1963,1.67,0.88,-0.39,1.67,1.671297371,0.875764887,-0.390765666
9/1/1963,1.82,1.69,0.63,1.82,1.81801206,1.690923418,0.630075531
10/1/1963,0.25,2.32,0.91,0.25,0.253198796,2.315889663,0.905624984
11/1/1963,-0.13,1.58,1.54,-0.13,-0.127683594,1.584896131,1.544495264
12/1/1963,0.3,0.02,1.52,0.3,0.299984306,0.018743694,1.517239525
1/1/1964,-1.24,-0.67,2.16,-1.24,-1.23679973,-0.671003876,2.163128127
2/1/1964,0.1,-0.45,1.47,0.1,0.102306728,-0.454975941,1.467554541
3/1/1964,-0.47,-0.9,-0.69,-0.47,-0.473107038,-0.895679498,-0.68796857
4/1/1964,0.97,0.49,0.16,0.97,0.972891486,0.494852115,0.155339304
5/1/1964,0.19,0.39,0.21,0.19,0.189290426,0.390565538,0.208901003
6/1/1964,0.68,0.82,0.46,0.68,0.683521924,0.815927693,0.462325484
7/1/1964,-0.14,0.21,0.33,-0.14,-0.137470395,0.206632792,0.328314965
8/1/1964,-1.48,-0.3,-0.04,-1.48,-1.475739979,-0.299383913,-0.039666141
9/1/1964,0.63,-0.48,0.26,0.63,0.632432462,-0.478330417,0.259799053
10/1/1964,-1.72,-1,-0.38,-1.72,-1.72154438,-1.001365659,-0.376727948
11/1/1964,-0.51,-0.36,-0.53,-0.51,-0.511804411,-0.358809668,-0.526843421
12/1/1964,-0.32,-2.09,-1.15,-0.32,-0.323941925,-2.089860044,-1.150432517
1/1/1965,0.88,-0.19,-1.13,0.88,0.875744809,-0.191754658,-1.131932893
2/1/1965,0.01,0.16,-0.42,0.01,0.009801761,0.164769986,-0.422794712
3/1/1965,-1.12,-0.44,-1.85,-1.12,-1.117589321,-0.440902036,-1.846945078
4/1/1965,-0.39,-0.95,-0.92,-0.39,-0.392506156,-0.952958485,-0.915452807
5/1/1965,0.16,-0.52,-0.49,0.16,0.160786764,-0.518002688,-0.485979791
6/1/1965,1.38,0.69,0.44,1.38,1.381873452,0.688474498,0.439952477
7/1/1965,1.7,1.72,1.22,1.7,1.696402303,1.724180349,1.222914042
8/1/1965,-0.09,1.89,1.23,-0.09,-0.087897307,1.89363511,1.228147667
9/1/1965,1.18,1.84,1.78,1.18,1.181297653,1.842113968,1.77796358
10/1/1965,0.28,0.82,1.9,0.28,0.275436467,0.815484043,1.904495677
11/1/1965,-0.78,0.84,1.94,-0.78,-0.783882535,0.840177484,1.940133125
12/1/1965,0.96,0.11,1.69,0.96,0.958576382,0.110933237,1.691634483
1/1/1966,0.34,0.08,0.76,0.34,0.339459752,0.075848347,0.761814486
2/1/1966,-0.53,0.32,0.86,-0.53,-0.532514723,0.318764089,0.864087029
3/1/1966,0.74,0.39,0.21,0.74,0.741498655,0.389382936,0.209331418
4/1/1966,-1.01,-0.51,-0.46,-1.01,-1.012896245,-0.514747839,-0.455126261
5/1/1966,-1.82,-1.5,-1.28,-1.82,-1.821139796,-1.503073952,-1.277297498
6/1/1966,1.11,-0.63,-0.47,1.11,1.109928651,-0.627280305,-0.472735269
7/1/1966,0.76,0.28,-0.03,0.76,0.76225242,0.281334144,-0.027388234
8/1/1966,0.08,1.05,-0.01,0.08,0.075884784,1.052009284,-0.007176319
9/1/1966,0.85,0.89,0.16,0.85,0.853282062,0.88750976,0.15552158
10/1/1966,-1.52,0.06,0.2,-1.52,-1.521972463,0.061006982,0.198541591
11/1/1966,-0.78,-0.08,0.78,-0.78,-0.783882535,-0.076396622,0.779457622
12/1/1966,-0.12,-1.9,0.29,-0.12,-0.121695604,-1.901348393,0.28636923
1/1/1967,-0.55,-1.13,-0.35,-0.55,-0.551930882,-1.125756333,-0.348745276
2/1/1967,-1.24,-1.12,-0.57,-1.24,-1.23949967,-1.121650798,-0.574920363
3/1/1967,-1.12,-1.73,-2.84,-1.12,-1.117589321,-1.731758328,-2.842825536
4/1/1967,-0.41,-1.23,-1.53,-0.41,-0.414158555,-1.229868896,-1.525774157
5/1/1967,0.57,-0.16,-0.44,0.57,0.570533582,-0.15811145,-0.440826231
6/1/1967,1.86,1.3,0.81,1.86,1.862619998,1.296703989,0.811195239
7/1/1967,0.7,1.55,0.99,0.7,0.700865575,1.549182332,0.987669062
8/1/1967,-0.67,1.33,0.91,-0.67,-0.665985085,1.326475641,0.907353258
9/1/1967,-0.89,-0.3,0.77,-0.89,-0.892231439,-0.301604313,0.771763504
10/1/1967,-0.92,-1.74,0.74,-0.92,-0.923551158,-1.739295443,0.743589846
11/1/1967,-0.05,-1.49,0.55,-0.05,-0.05314071,-1.490973286,0.553407818
12/1/1967,0.96,-0.47,-0.54,0.96,0.958576382,-0.469206027,-0.54493087
1/1/1968,-1.24,-0.13,-1.78,-1.24,-1.23679973,-0.129385242,-1.778459219
2/1/1968,0.27,0.12,-1.46,0.27,0.271987455,0.120889719,-1.46428097
3/1/1968,-0.89,-1.09,-1.24,-0.89,-0.889389595,-1.089889029,-1.235561699
4/1/1968,-0.45,-0.85,-0.81,-0.45,-0.447100452,-0.849312468,-0.807265404
5/1/1968,0.01,-0.64,-0.61,0.01,0.013589568,-0.636599468,-0.60606956
6/1/1968,-1,-0.97,-1.29,-1,-1.003562623,-0.97059024,-1.285290976
7/1/1968,-0.15,-0.74,-1.09,-0.15,-0.149851727,-0.738682751,-1.087623264
8/1/1968,2.83,0.91,0.28,2.83,2.834567993,0.907676656,0.275326497
9/1/1968,-1.36,1,0.04,-1.36,-1.358329337,1.000456721,0.040996605
10/1/1968,-0.57,1.23,0.08,-0.57,-0.573287426,1.225270295,0.080410469
11/1/1968,1.51,-0.58,0.44,1.51,1.512636246,-0.576454848,0.444245592
12/1/1968,0.61,0.54,1.05,0.61,0.611276477,0.537488001,1.047471278
1/1/1969,0.83,1.48,1.7,0.83,0.830144045,1.47814386,1.704575386
2/1/1969,0.13,0.59,-0.41,0.13,0.131913907,0.587414389,-0.409292839
3/1/1969,-1.12,-0.42,0.04,-1.12,-1.117589321,-0.415006275,0.039039887
4/1/1969,-0.44,-0.95,0.02,-0.44,-0.436056917,-0.952958485,0.018774466
5/1/1969,0.69,-0.06,0.06,0.69,0.687239976,-0.059352686,0.058245174
6/1/1969,0.04,0.14,-0.07,0.04,0.040384644,0.136046616,-0.070757081
7/1/1969,1.71,1.37,0.88,1.71,1.709273545,1.373341876,0.87972469
8/1/1969,-0.64,1.04,0.72,-0.64,-0.641025255,1.042716212,0.720010757
9/1/1969,-0.44,0.91,0.68,-0.44,-0.435473632,0.908245226,0.677626894
10/1/1969,1.17,-0.2,1.11,1.17,1.167618583,-0.197304975,1.105202428
11/1/1969,-0.51,0.09,0.84,-0.51,-0.511804411,0.086579781,0.844793303
12/1/1969,-0.94,0.52,0.96,-0.94,-0.937630967,0.521936506,0.956819039
1/1/1970,0.74,-0.48,-0.45,0.74,0.735995257,-0.479844146,-0.446340819
2/1/1970,-1.31,-0.58,-0.24,-1.31,-1.313178534,-0.577444241,-0.244789474
3/1/1970,-0.19,-0.35,0.06,-0.19,-0.192222792,-0.351711156,0.059881927
4/1/1970,0.36,-0.16,-0.38,0.36,0.357404961,-0.163499526,-0.380977864
5/1/1970,-1.58,-1.02,-1.15,-1.58,-1.584143784,-1.015249572,-1.153943957
6/1/1970,0.55,-0.44,-0.59,0.55,0.551274751,-0.441808209,-0.585821452
7/1/1970,0.29,-0.35,-0.46,0.29,0.290151105,-0.350337044,-0.456113112
8/1/1970,-2,-0.19,-0.9,-2,-2.003839113,-0.190419612,-0.897031537
9/1/1970,-0.49,-0.97,-1.08,-0.49,-0.49019086,-0.965257401,-1.077788536
10/1/1970,-0.5,-1.99,-1.32,-0.5,-0.504492738,-1.989809422,-1.324526458
11/1/1970,0.02,-0.93,-0.69,0.02,0.017562938,-0.927821502,-0.689573531
12/1/1970,0.09,-0.59,-1.2,0.09,0.087460306,-0.58807427,-1.204537305
1/1/1971,-0.76,-0.52,-2.2,-0.76,-0.759369425,-0.51660101,-2.199816574
2/1/1971,0.16,-0.38,-1.23,0.16,0.16095675,-0.37767258,-1.230112737
3/1/1971,0.37,-0.03,-0.61,0.37,0.371856459,-0.029457157,-0.611024427
4/1/1971,1.13,0.93,0.6,1.13,1.129502214,0.932586598,0.599765624
5/1/1971,0.87,1.17,0.98,0.87,0.867808144,1.165934422,0.975627466
6/1/1971,-0.72,0.66,0.52,-0.72,-0.724338042,0.657815672,0.522584651
7/1/1971,0.23,0.18,0.52,0.23,0.227380437,0.175156532,0.522498704
8/1/1971,0.57,-0.16,0.67,0.57,0.565988496,-0.158652295,0.667027254
9/1/1971,0.95,0.76,0.95,0.95,0.953315794,0.764707182,0.946187561
10/1/1971,0.76,1.13,0.72,0.76,0.75921621,1.131441045,0.723052614
11/1/1971,0.21,1,0.38,0.21,0.211311026,0.997096684,0.383018929
12/1/1971,0.12,0.53,0.83,0.12,0.119628772,0.529722823,0.829271997
1/1/1972,0.16,0,1.06,0.16,0.155346076,0.00468441,1.063587559
2/1/1972,-1.24,-0.52,0.79,-1.24,-1.23949967,-0.515169199,0.78561754
3/1/1972,-0.98,-1.21,-0.34,-0.98,-0.981271504,-1.206352677,-0.335719207
4/1/1972,0.27,-0.5,-0.47,0.27,0.27249907,-0.49877075,-0.473956581
5/1/1972,-0.09,-0.34,-0.5,-0.09,-0.085162763,-0.340477695,-0.504198586
6/1/1972,0.41,0.11,-0.27,0.41,0.407620638,0.113221499,-0.27294499
7/1/1972,0.71,0.42,0.11,0.71,0.71413283,0.421317543,0.107658903
8/1/1972,-2,0.06,-0.28,-2,-2.003839113,0.057487733,-0.275465279
9/1/1972,0.33,-0.07,-0.05,0.33,0.332280849,-0.067739959,-0.046172527
10/1/1972,-0.42,-1.1,-0.21,-0.42,-0.422242252,-1.103956368,-0.207318791
11/1/1972,2.39,0.92,0.5,2.39,2.392942226,0.92179629,0.496211685
12/1/1972,0.54,1.27,0.48,0.54,0.538454372,1.270464428,0.475897557
1/1/1973,1.07,2.29,0.28,1.07,1.070288495,2.294351399,0.280455453
2/1/1973,-0.93,0.37,0.97,-0.93,-0.933467434,0.372313634,0.969708978
3/1/1973,0.98,0.79,1.4,0.98,0.984715522,0.794192042,1.395409962
4/1/1973,-0.08,0.18,1.19,-0.08,-0.08410698,0.177774392,1.187650017
5/1/1973,0.64,0.61,0.6,0.64,0.644007261,0.608740429,0.603757689
6/1/1973,-0.34,0.03,0.26,-0.34,-0.341193983,0.028607635,0.260813434
7/1/1973,-0.01,0.03,0.03,-0.01,-0.01145266,0.034116082,0.03210556
8/1/1973,-0.37,-0.56,-0.05,-0.37,-0.371254574,-0.560537518,-0.054495472
9/1/1973,2.21,1.39,0.99,2.21,2.212223339,1.39355521,0.986607135
10/1/1973,0.71,1.98,1.18,0.71,0.705265993,1.981519126,1.175241884
11/1/1973,0.57,2.27,1.07,0.57,0.572456259,2.269911966,1.073184423
12/1/1973,2.35,1.48,1.81,2.35,2.35443091,1.478054046,1.809654284
1/1/1974,0.16,1.58,2.47,0.16,0.155346076,1.57796579,2.467241958
2/1/1974,0.01,1.43,2.78,0.01,0.009801761,1.431973476,2.776932753
3/1/1974,-0.21,-0.3,0.97,-0.21,-0.209292501,-0.302477202,0.970532075
4/1/1974,0.03,-0.27,0.49,0.03,0.032500856,-0.270491762,0.489058598
5/1/1974,-1.26,-1.1,-0.45,-1.26,-1.263892181,-1.099272766,-0.44531662
6/1/1974,0.51,-0.53,-0.65,0.51,0.511685888,-0.529120214,-0.649429394
7/1/1974,-1.47,-1.2,-1.23,-1.47,-1.47486849,-1.195271374,-1.228621056
8/1/1974,0.22,-0.51,-1.22,0.22,0.22182734,-0.50873278,-1.218930262
9/1/1974,-0.78,-1.51,-1.48,-0.78,-0.775639419,-1.509557662,-1.484629737
10/1/1974,-0.84,-0.96,-1.67,-0.84,-0.839118241,-0.958383868,-1.667091902
11/1/1974,-1.31,-1.75,-1.28,-1.31,-1.313178534,-1.751511465,-1.277814188
12/1/1974,-0.62,-1.73,-2.11,-0.62,-0.618495688,-1.733756901,-2.111603761
1/1/1975,-0.5,-1.76,-1.57,-0.5,-0.503711846,-1.75893406,-1.573438825
2/1/1975,-0.2,-0.88,-2.26,-0.2,-0.19567705,-0.876677754,-2.261754121
3/1/1975,1.23,0.72,-0.51,1.23,1.227857541,0.724329952,-0.511202405
4/1/1975,-0.6,0.15,-0.4,-0.6,-0.596844558,0.146665038,-0.399342601
5/1/1975,1.07,0.88,0.62,1.07,1.072462166,0.879096713,0.617585921
6/1/1975,-0.09,0.33,0.49,-0.09,-0.094881546,0.329541606,0.490953853
7/1/1975,-1.04,0,-0.01,-1.04,-1.044586224,-0.001812113,-0.013159812
8/1/1975,0.6,-0.56,0.16,0.6,0.597580908,-0.564883228,0.161468496
9/1/1975,-1.21,-1.16,-0.55,-1.21,-1.206849206,-1.160235894,-0.546265374
10/1/1975,-1.13,-0.92,-0.54,-1.13,-1.130126444,-0.915964982,-0.541838124
11/1/1975,1.25,-0.94,-1.03,1.25,1.250560571,-0.936672902,-1.028351116
12/1/1975,-0.32,-0.18,-1.19,-0.32,-0.323941925,-0.17658166,-1.194648026
1/1/1976,2.17,1.67,-0.03,2.17,2.170597983,1.666910742,-0.026024404
2/1/1976,-0.2,1,-0.46,-0.2,-0.19567705,1.000639816,-0.456781838
3/1/1976,-0.75,0.42,0.03,-0.75,-0.751260742,0.416074558,0.025081197
4/1/1976,1.17,0.57,1.12,1.17,1.174296249,0.572030124,1.116865055
5/1/1976,-0.16,0.25,0.47,-0.16,-0.155435668,0.254479623,0.473732466
6/1/1976,-1.78,-0.41,-0.27,-1.78,-1.775509603,-0.407376081,-0.27294499
7/1/1976,-0.5,-1.35,-0.88,-0.5,-0.49953365,-1.352810354,-0.875470489
8/1/1976,-0.53,-1.72,-1.1,-0.53,-0.531850991,-1.719204299,-1.103596458
9/1/1976,-0.35,-1.11,-1.14,-0.35,-0.352153053,-1.114715337,-1.144209483
10/1/1976,0.35,-0.65,-1.63,0.35,0.351458551,-0.652784302,-1.628319688
11/1/1976,-0.92,-0.53,-1.79,-0.92,-0.923893479,-0.531349847,-1.785169978
12/1/1976,0.12,-0.18,-1.16,0.12,0.119628772,-0.17658166,-1.15532245
1/1/1977,-0.41,-0.95,-1.06,-0.41,-0.411261131,-0.952902621,-1.057344078
2/1/1977,-0.16,-0.42,-0.85,-0.16,-0.159189367,-0.415920761,-0.847331134
3/1/1977,1.6,1.12,0.61,1.6,1.603982969,1.119552854,0.613941368
4/1/1977,1.46,1.76,1.3,1.46,1.455044806,1.761666849,1.302934147
5/1/1977,0.67,1.66,1.45,0.67,0.672897956,1.657347284,1.451238217
6/1/1977,0.83,1.47,1.64,0.83,0.831528163,1.466452495,1.641332972
7/1/1977,-0.56,0.39,1.16,-0.56,-0.558922715,0.38821419,1.156324169
8/1/1977,1.11,0.52,1.53,1.11,1.112362443,0.52468819,1.527729788
9/1/1977,-1.51,-0.56,0.78,-1.51,-1.508124495,-0.555232787,0.779551053
10/1/1977,-0.84,-0.45,0.04,-0.84,-0.839118241,-0.451144341,0.043408074
11/1/1977,0.27,-1.64,-0.26,0.27,0.270818145,-1.635381385,-0.255875984
12/1/1977,-0.32,-0.81,-0.9,-0.32,-0.323941925,-0.806690597,-0.903597796
1/1/1978,0.78,0.2,-0.44,0.78,0.78357927,0.198820408,-0.440538652
2/1/1978,1.68,1.14,-0.84,1.68,1.679378626,1.14185512,-0.839665672
3/1/1978,-2.06,0.29,-0.49,-2.06,-2.058764695,0.288986213,-0.486716901
4/1/1978,0.23,0.12,0.1,0.23,0.232868581,0.115226233,0.103456466
5/1/1978,-0.09,-0.47,-0.09,-0.09,-0.091468232,-0.467738183,-0.085885293
6/1/1978,-1.28,-0.83,-0.69,-1.28,-1.275759623,-0.826031219,-0.685603177
7/1/1978,0.32,-0.58,-0.53,0.32,0.31585747,-0.584918225,-0.525078045
8/1/1978,0.85,-0.17,-0.54,0.85,0.846888037,-0.166572379,-0.540610656
9/1/1978,-1.89,-0.13,-0.78,-1.89,-1.891610951,-0.128177938,-0.779601051
10/1/1978,-0.92,-0.8,-1.03,-0.92,-0.923551158,-0.79867859,-1.033757086
11/1/1978,0.68,-1.54,-0.89,0.68,0.682865209,-1.537902848,-0.887735519
12/1/1978,1.8,0.39,-0.03,1.8,1.798205493,0.394353386,-0.026682614
1/1/1979,1.19,1.62,0.03,1.19,1.191548619,1.618687291,0.031611593
2/1/1979,-1.31,1.17,-0.76,-1.31,-1.313178534,1.171220214,-0.756509162
3/1/1979,0.82,0.66,0.62,0.82,0.819338998,0.66067808,0.619946447
4/1/1979,0.5,0.47,1.02,0.5,0.504484955,0.47245021,1.020480043
5/1/1979,-0.1,0.29,0.57,-0.1,-0.104128134,0.294997061,0.568995492
6/1/1979,0.26,0.12,0.29,0.26,0.257241648,0.124647346,0.287248773
7/1/1979,1.29,0.75,0.79,1.29,1.285636819,0.754490248,0.791887803
8/1/1979,-0.1,0.91,0.83,-0.1,-0.097852958,0.914035549,0.832522914
9/1/1979,-0.18,0.74,0.54,-0.18,-0.180577423,0.736181546,0.5393546
10/1/1979,0.05,-0.45,0.39,0.05,0.053717087,-0.451144341,0.393474548
11/1/1979,1.6,0.31,0.84,1.6,1.603937877,0.30679239,0.839376207
12/1/1979,-1.1,0.61,0.84,-1.1,-1.097076674,0.606447219,0.835720772
1/1/1980,-0.12,0.85,-0.13,-0.12,-0.123178504,0.853507183,-0.127377727
2/1/1980,1.27,0.32,0.31,1.27,1.273928527,0.318764089,0.309097727
3/1/1980,2.28,2.18,2,2.28,2.284381952,2.176338817,2.003913017
4/1/1980,0.23,1.68,1.68,0.23,0.232868581,1.682924699,1.676073995
5/1/1980,-0.64,0.67,0.65,-0.64,-0.643549361,0.671592171,0.648541711
6/1/1980,0.26,-0.32,0.71,0.26,0.257241648,-0.322482353,0.708565157
7/1/1980,-1.69,-1.16,0,-1.69,-1.691628908,-1.160176004,0.003859297
8/1/1980,0.9,-0.4,0.11,0.9,0.897396278,-0.398600004,0.106692036
9/1/1980,-0.76,-1.09,-1.06,-0.76,-0.761815045,-1.09217362,-1.060434679
10/1/1980,-1.23,-0.5,-1.38,-1.23,-1.229802853,-0.50046115,-1.375789425
11/1/1980,-0.66,-1.79,-1.19,-0.66,-0.659321128,-1.791926098,-1.185194106
12/1/1980,-1.19,-2.03,-1.77,-1.19,-1.1867353,-2.033487546,-1.766256711
1/1/1981,0.56,-0.75,-0.84,0.56,0.560500979,-0.753190857,-0.841463551
2/1/1981,-0.2,-0.38,-2.02,-0.2,-0.19567705,-0.37767258,-2.021888084
3/1/1981,0.4,0.24,-1.12,0.4,0.395707087,0.241956805,-1.12378098
4/1/1981,0.06,0.01,-0.31,0.06,0.058539236,0.005750515,-0.31458678
5/1/1981,1.71,1.36,1.16,1.71,1.713017003,1.357659891,1.16305873
6/1/1981,-0.74,0.85,0.78,-0.74,-0.741990458,0.845655779,0.778201503
7/1/1981,1.66,1.7,1.47,1.66,1.664014645,1.700853539,1.473358938
8/1/1981,-0.33,0.76,1.46,-0.33,-0.327225191,0.755946587,1.456982227
9/1/1981,-0.62,0.9,1.18,-0.62,-0.618956807,0.897888793,1.180423114
10/1/1981,0.88,-0.34,1.37,0.88,0.880528033,-0.342660131,1.369480608
11/1/1981,-0.41,-0.22,0.46,-0.41,-0.412100943,-0.21701054,0.455834219
12/1/1981,0.66,0.6,0.98,0.66,0.658268581,0.598865826,0.978837408
1/1/1982,-0.09,-0.18,-0.49,-0.09,-0.085812493,-0.175990425,-0.487175756
2/1/1982,-0.49,-0.06,-0.38,-0.49,-0.485036901,-0.064006612,-0.38244576
3/1/1982,0.38,-0.05,0.3,0.38,0.383820679,-0.050906021,0.301488642
4/1/1982,-0.1,-0.17,-0.28,-0.1,-0.102641884,-0.170498461,-0.278980331
5/1/1982,0.61,0.35,0.25,0.61,0.609945318,0.347051061,0.250439976
6/1/1982,-0.69,-0.18,-0.25,-0.69,-0.689403808,-0.177814025,-0.247187455
7/1/1982,-0.14,-0.21,-0.33,-0.14,-0.143652403,-0.206742209,-0.333185414
8/1/1982,-0.68,-0.98,-0.55,-0.68,-0.678565404,-0.975752411,-0.547073841
9/1/1982,0.23,-0.54,-0.59,0.23,0.229987497,-0.53586188,-0.587731892
10/1/1982,-0.02,-0.49,-0.53,-0.02,-0.021739638,-0.488066223,-0.529208319
11/1/1982,0.8,0.18,-0.76,0.8,0.801450431,0.184607221,-0.762033169
12/1/1982,0.3,0.26,-0.44,0.3,0.299984306,0.26063655,-0.443954559
1/1/1983,-0.6,0.3,-0.43,-0.6,-0.601560551,0.303145679,-0.428957618
2/1/1983,-0.8,-0.66,-0.16,-0.8,-0.803937474,-0.664049523,-0.162196194
3/1/1983,0.76,0.13,0.14,0.76,0.761233932,0.12518583,0.135338631
4/1/1983,-0.75,-0.39,-0.26,-0.75,-0.746679147,-0.389691569,-0.255472916
5/1/1983,1.02,0.6,0.37,1.02,1.017147959,0.597547594,0.372678577
6/1/1983,1.26,1.07,0.95,1.26,1.255282281,1.068094618,0.947069483
7/1/1983,0.5,1.33,1,0.5,0.503361421,1.330968238,0.997167505
8/1/1983,-0.26,0.86,0.99,-0.26,-0.262595679,0.862944974,0.99150984
9/1/1983,-0.91,-0.34,0.55,-0.91,-0.907630703,-0.342739749,0.55277088
10/1/1983,-0.3,-1.16,0.69,-0.3,-0.298299965,-1.16410651,0.692125776
11/1/1983,1.01,-0.6,0.39,1.01,1.00596569,-0.599328249,0.394731594
12/1/1983,0.77,0.38,-0.22,0.77,0.770869482,0.3779894,-0.220657623
1/1/1984,-0.41,0.75,-0.8,-0.41,-0.411261131,0.747766829,-0.797089897
2/1/1984,0.07,0.12,-0.68,0.07,0.072106646,0.120889719,-0.675394342
3/1/1984,-0.95,-0.96,-0.38,-0.95,-0.94977495,-0.963739991,-0.382665354
4/1/1984,0.89,0.31,0.48,0.89,0.894220965,0.305019618,0.484371575
5/1/1984,-0.17,0.01,-0.02,-0.17,-0.174959162,0.010744334,-0.017158125
6/1/1984,-1.13,-0.39,-0.71,-1.13,-1.125159715,-0.394534862,-0.70988029
7/1/1984,-0.3,-1,-0.76,-0.3,-0.297506003,-1.001945069,-0.764614575
8/1/1984,-0.38,-1.2,-0.97,-0.38,-0.382384515,-1.197855557,-0.969684146
9/1/1984,-1.04,-1.18,-1.17,-1.04,-1.038696726,-1.17745949,-1.172405528
10/1/1984,0.35,-0.92,-1.48,0.35,0.351458551,-0.922996496,-1.476086255
11/1/1984,0.57,-0.49,-1.35,0.57,0.572456259,-0.494392771,-1.347484194
12/1/1984,1.17,0.7,-0.73,1.17,1.1671111,0.703257054,-0.727281846
1/1/1985,-0.32,0.66,-0.64,-0.32,-0.323706609,0.660161364,-0.642342625
2/1/1985,-0.8,0.14,-0.57,-0.8,-0.803937474,0.135612486,-0.567856685
3/1/1985,-1.05,-1.4,-0.23,-1.05,-1.047202261,-1.399120778,-0.228667034
4/1/1985,-0.16,-0.9,-0.44,-0.16,-0.159275382,-0.895843169,-0.436415039
5/1/1985,0.93,0.29,0.24,0.93,0.930152495,0.28692709,0.24291763
6/1/1985,-1.82,-0.34,-0.75,-1.82,-1.818463566,-0.343549606,-0.750634114
7/1/1985,-0.1,-0.3,-0.7,-0.1,-0.100735525,-0.300747524,-0.701952692
8/1/1985,0.65,-0.78,-0.46,0.65,0.652113963,-0.778935411,-0.460423999
9/1/1985,1.04,0.66,0.16,1.04,1.039687873,0.660459642,0.158360663
10/1/1985,-0.54,0.79,0.12,-0.54,-0.538539845,0.788840576,0.122846678
11/1/1985,0.35,0.61,-0.34,0.35,0.346860092,0.607076748,-0.335643465
12/1/1985,1.24,0.08,0.56,1.24,1.238267694,0.083615916,0.557986093
1/1/1986,-1.24,0.34,0.82,-1.24,-1.23679973,0.341164067,0.824469794
2/1/1986,1.64,1.18,0.99,1.64,1.639013965,1.180942235,0.993361735
3/1/1986,0.09,0.43,0.22,0.09,0.085779278,0.433712811,0.222632485
4/1/1986,1.26,1.31,1.18,1.26,1.261867088,1.307212998,1.179846463
5/1/1986,-0.37,0.37,0.64,-0.37,-0.365307831,0.374797517,0.641681385
6/1/1986,-0.2,0.18,0.25,-0.2,-0.200821628,0.181380479,0.247546108
7/1/1986,-0.46,-0.77,0.01,-0.46,-0.463274454,-0.774105238,0.012348285
8/1/1986,-0.36,-0.78,-0.39,-0.36,-0.360174207,-0.783513609,-0.393913884
9/1/1986,1.24,0.2,0.19,1.24,1.242598875,0.197857555,0.189513983
10/1/1986,0.41,0.82,-0.23,0.41,0.414519586,0.819908715,-0.225230764
11/1/1986,-0.51,0.99,-0.07,-0.51,-0.511804411,0.992713343,-0.068163253
12/1/1986,-0.51,-0.18,0.03,-0.51,-0.512206454,-0.17658166,0.029957012
1/1/1987,-1.24,-1.57,0.39,-1.24,-1.23679973,-1.573615891,0.393089113
2/1/1987,2.44,1.22,1.39,2.44,2.444028474,1.219506535,1.386086929
3/1/1987,0.94,1.49,0.94,0.94,0.940026133,1.486355857,0.942882447
4/1/1987,-1,0.69,0.16,-1,-0.997834345,0.68966819,0.160484857
5/1/1987,0.86,0.47,0.74,0.86,0.863307361,0.468479036,0.736773391
6/1/1987,0.14,0.17,0.71,0.14,0.144334598,0.173853876,0.705517234
7/1/1987,0.24,0.54,0.7,0.24,0.243218911,0.536882291,0.702677975
8/1/1987,0.86,0.43,0.57,0.86,0.861398004,0.431218961,0.565180878
9/1/1987,-0.11,0.29,0.25,-0.11,-0.110209505,0.289526427,0.24860143
10/1/1987,-0.34,0.08,0.44,-0.34,-0.34374933,0.076909324,0.439290887
11/1/1987,1.87,0.34,0.45,1.87,1.868672896,0.344640958,0.45293925
12/1/1987,1.97,1.41,0.85,1.97,1.973978773,1.414158919,0.845379592
1/1/1988,1.49,2.56,1.31,1.49,1.488610763,2.560362147,1.312764948
2/1/1988,-0.58,1.54,0.94,-0.58,-0.58196524,1.537190972,0.936379083
3/1/1988,-0.98,-0.2,0.96,-0.98,-0.981271504,-0.195866434,0.959493932
4/1/1988,0.61,-0.09,1.19,0.61,0.609307568,-0.087706025,1.187650017
5/1/1988,1.69,1.32,1.6,1.69,1.691892301,1.323119515,1.596197208
6/1/1988,-1.25,0.89,0.69,-1.25,-1.25361304,0.891562128,0.693308447
7/1/1988,0.91,1.04,0.83,0.91,0.906071282,1.040262462,0.82620682
8/1/1988,-0.06,-0.08,0.85,-0.06,-0.058256417,-0.076351144,0.850661628
9/1/1988,0.05,0.49,0.94,0.05,0.052996838,0.493885498,0.936046389
10/1/1988,-1.01,-0.66,0.59,-1.01,-1.012397479,-0.6592807,0.585342475
11/1/1988,-0.38,-0.77,-0.52,-0.38,-0.380604686,-0.774184542,-0.523364317
12/1/1988,-1.61,-1.71,-0.09,-1.61,-1.607098986,-1.711214535,-0.087867547
1/1/1989,-0.93,-1.72,-1.24,-0.93,-0.930192894,-1.719852269,-1.242979169
2/1/1989,0.76,-0.52,-1.14,0.76,0.758046248,-0.515169199,-1.136249101
3/1/1989,-0.23,-0.25,-1.48,-0.23,-0.226566974,-0.254409964,-1.484355076
4/1/1989,-2.14,-1.39,-1.86,-2.14,-2.140467036,-1.388947167,-1.856070371
5/1/1989,-1.78,-2.64,-2.56,-1.78,-1.776769634,-2.642967704,-2.561280374
6/1/1989,-1.68,-3.45,-3.06,-1.68,-1.678794194,-3.447743694,-3.05986053
7/1/1989,-1.77,-3.08,-3.36,-1.77,-1.766421546,-3.081704027,-3.359963218
8/1/1989,0.27,-1.95,-3.34,0.27,0.274726404,-1.947837463,-3.34066431
9/1/1989,1.12,-0.19,-2.32,1.12,1.122943529,-0.189556807,-2.322432055
10/1/1989,-1.74,0.4,-2.06,-1.74,-1.744836315,0.397151529,-2.055326464
11/1/1989,-1.31,0.13,-1.51,-1.31,-1.313178534,0.127345147,-1.507171316
12/1/1989,-0.05,-2.53,-0.91,-0.05,-0.048536727,-2.525694577,-0.912834068
1/1/1990,0.31,-0.77,0.09,0.31,0.309990559,-0.774320303,0.088574645
2/1/1990,-0.87,-0.42,-0.15,-0.87,-0.866874818,-0.415920761,-0.149658808
3/1/1990,2.15,1.69,0.35,2.15,2.145365325,1.692292734,0.346756875
4/1/1990,-0.04,1.1,0.7,-0.04,-0.038485771,1.099362387,0.698388383
5/1/1990,1.27,1.64,1.44,1.27,1.265046849,1.642664918,1.436795091
6/1/1990,-0.64,0.44,1.02,-0.64,-0.637897168,0.437814935,1.022424084
7/1/1990,-0.08,0.33,0.74,-0.08,-0.076577628,0.33049084,0.73753725
8/1/1990,-0.05,-0.64,0.77,-0.05,-0.048450374,-0.635028512,0.772577125
9/1/1990,0.04,-0.34,0.03,0.04,0.037393292,-0.338147662,0.032330958
10/1/1990,-0.42,-0.47,-0.02,-0.42,-0.422242252,-0.469556342,-0.019695842
11/1/1990,1.52,0.22,-0.48,1.52,1.522950243,0.218434406,-0.478355145
12/1/1990,-0.62,0.33,-0.24,-0.62,-0.618495688,0.328308755,-0.240513439
1/1/1991,-0.76,0.69,-0.23,-0.76,-0.759369425,0.693343757,-0.225608959
2/1/1991,0.35,-0.58,-0.1,0.35,0.350464281,-0.577444241,-0.099947164
3/1/1991,0.37,0.04,0.14,0.37,0.371856459,0.044002357,0.135338631
4/1/1991,-1.17,-0.66,-0.26,-1.17,-1.171157684,-0.663403422,-0.261332743
5/1/1991,0.55,-0.08,-0.27,0.55,0.550628848,-0.077100304,-0.265548645
6/1/1991,-0.16,-0.31,-0.33,-0.16,-0.157955522,-0.309891136,-0.332359247
7/1/1991,0.42,0.31,-0.06,0.42,0.416206533,0.305975905,-0.055970934
8/1/1991,-0.34,-0.12,-0.24,-0.34,-0.338160041,-0.115347912,-0.238556953
9/1/1991,-0.24,-0.2,-0.46,-0.24,-0.235584498,-0.198403857,-0.457906813
10/1/1991,0.28,-0.51,-0.06,0.28,0.275436467,-0.512900531,-0.063114598
11/1/1991,1.37,0.26,-0.04,1.37,1.374350388,0.257415057,-0.042813109
12/1/1991,-0.62,0.64,0.03,-0.62,-0.618495688,0.636576822,0.029957012
1/1/1992,1.33,1.26,0.04,1.33,1.325806907,1.259709696,0.042017474
2/1/1992,1.02,0.91,0.53,1.02,1.023117545,0.905902989,0.525337259
3/1/1992,2.18,2.29,2.13,2.18,2.184913083,2.293969353,2.125496037
4/1/1992,-2.21,0.69,1.01,-2.21,-2.211570226,0.68966819,1.012340395
5/1/1992,-1.57,-0.61,-0.3,-1.57,-1.571189679,-0.610450324,-0.299947551
6/1/1992,0.8,-1.17,0.2,0.8,0.800346976,-1.17176769,0.200846726
7/1/1992,0.94,0.28,0.48,0.94,0.938903337,0.275153712,0.481083183
8/1/1992,0.46,1.13,0.48,0.46,0.461033033,1.125772664,0.483655548
9/1/1992,-0.05,0.69,-0.34,-0.05,-0.051163418,0.689451867,-0.343088677
10/1/1992,0.11,0.02,0.17,0.11,0.11446329,0.018289058,0.170609132
11/1/1992,-0.23,-0.31,0.75,-0.23,-0.234022939,-0.310657812,0.746515774
12/1/1992,-0.62,-0.39,0.42,-0.62,-0.618495688,-0.389650454,0.423934926
1/1/1993,1.05,-0.02,-0.07,1.05,1.049463989,-0.024404663,-0.073741664
2/1/1993,1.92,1.38,0.28,1.92,1.921490828,1.377982592,0.281240224
3/1/1993,1.37,1.89,1.22,1.37,1.367109303,1.891757127,1.216858717
4/1/1993,0.48,1.41,1.17,0.48,0.475769878,1.411117922,1.168112654
5/1/1993,-0.2,0.48,0.8,-0.2,-0.201238611,0.476187209,0.800164906
6/1/1993,0.84,0.43,1.12,0.84,0.836697767,0.434243643,1.122293047
7/1/1993,1.93,1.49,1.86,1.93,1.930298889,1.491203353,1.859751737
8/1/1993,0.75,2.05,1.9,0.75,0.750970503,2.048499469,1.895968761
9/1/1993,-0.03,1.74,1.53,-0.03,-0.034694071,1.737902936,1.52744104
10/1/1993,0.96,0.64,1.6,0.96,0.955429701,0.639270252,1.601474742
11/1/1993,1.2,0.67,1.99,1.2,1.20380401,0.670584622,1.992171439
12/1/1993,-0.05,1.12,1.96,-0.05,-0.048536727,1.120302733,1.957333119
1/1/1994,1.4,1.28,1.07,1.4,1.39943075,1.277751342,1.067836503
2/1/1994,0.3,0.72,0.84,0.3,0.298570929,0.717251842,0.844603512
3/1/1994,-0.86,0.06,0.82,-0.86,-0.860388826,0.064564815,0.824722676
4/1/1994,-0.47,-0.85,-0.05,-0.47,-0.469380631,-0.849312468,-0.046177011
5/1/1994,-1.39,-1.72,-1.27,-1.39,-1.387570065,-1.72128478,-1.265889212
6/1/1994,-0.21,-1.38,-1.26,-0.21,-0.208031604,-1.383798379,-1.25761773
7/1/1994,1.62,0.39,-0.04,1.62,1.621452702,0.385193426,-0.041658538
8/1/1994,-2.24,0.55,-0.58,-2.24,-2.241952741,0.545223842,-0.582751172
9/1/1994,-0.35,0.52,-0.62,-0.35,-0.352153053,0.516448951,-0.616607254
10/1/1994,2.39,0.43,0.49,2.39,2.393720681,0.431230036,0.490117168
11/1/1994,0.37,1.27,1.09,0.37,0.365327515,1.270721485,1.091397316
12/1/1994,0.86,2.23,1.5,0.86,0.856469135,2.23463542,1.500084996
1/1/1995,0.28,0.53,0.55,0.28,0.280060262,0.534859686,0.545694678
2/1/1995,-0.31,0.29,1.32,-0.31,-0.311679402,0.291521971,1.316359207
3/1/1995,0.63,0.32,1.98,0.63,0.629394864,0.316774777,1.9774673
4/1/1995,0.92,0.8,0.8,0.92,0.918669167,0.798130534,0.803077202
5/1/1995,1.14,1.33,1.26,1.14,1.143413535,1.329419283,1.263049784
6/1/1995,0.15,1.13,1.07,0.15,0.15071614,1.133968342,1.065441694
7/1/1995,0.29,0.75,0.94,0.29,0.290151105,0.751688632,0.937545645
8/1/1995,-0.21,0.01,0.92,-0.21,-0.209968666,0.012036585,0.915047191
9/1/1995,0.22,-0.01,0.81,0.22,0.222957979,-0.008213435,0.808031267
10/1/1995,1.22,0.44,0.82,1.22,1.219907939,0.440915289,0.82257181
11/1/1995,-0.78,0.51,0.2,-0.78,-0.783882535,0.506801798,0.20439282
12/1/1995,-1.61,0.47,0.11,-1.61,-1.607098986,0.466827626,0.111915182
1/1/1996,-0.93,-2.23,-0.1,-0.93,-0.930192894,-2.231692724,-0.10047763
2/1/1996,-1.31,-2.73,-0.09,-1.31,-1.313178534,-2.731138349,-0.093781783
3/1/1996,-1.01,-1.88,-0.62,-1.01,-1.01372271,-1.884891528,-0.619483351
4/1/1996,-0.79,-1.57,-2.16,-0.79,-0.786150936,-1.574454022,-2.155547239
5/1/1996,0.63,-0.23,-0.66,0.63,0.629456843,-0.231756126,-0.658105306
6/1/1996,-0.93,-0.53,-1.01,-0.93,-0.925877906,-0.533533088,-1.011958656
7/1/1996,-1.32,-0.82,-1.41,-1.32,-1.318650241,-0.821830633,-1.412328414
8/1/1996,1.4,-0.63,-0.74,1.4,1.396308856,-0.626196353,-0.741074461
9/1/1996,1.29,0.71,0.07,1.29,1.293948874,0.711077749,0.072679112
10/1/1996,0.26,1.69,0.36,0.26,0.264347382,1.690044833,0.358218588
11/1/1996,0.17,1.1,0.12,0.17,0.170342814,1.096393829,0.116015837
12/1/1996,-0.74,-0.1,0.54,-0.74,-0.735459294,-0.09652508,0.540989202
1/1/1997,-1.24,-0.95,1.44,-1.24,-1.23679973,-0.952902621,1.43718381
2/1/1997,0.32,-0.85,0.83,0.32,0.324724045,-0.851660216,0.82503146
3/1/1997,-1.71,-1.45,-1.05,-1.71,-1.706644188,-1.445522119,-1.054790978
4/1/1997,-0.79,-1.31,-1.53,-0.79,-0.786150936,-1.307884981,-1.525774157
5/1/1997,-0.79,-1.62,-1.78,-0.79,-0.792709667,-1.617286545,-1.784566325
6/1/1997,-0.27,-1.25,-1.63,-0.27,-0.273794081,-1.249927561,-1.63257656
7/1/1997,-0.96,-1.31,-1.78,-0.96,-0.958976545,-1.307112634,-1.779813548
8/1/1997,0.27,-0.82,-1.78,0.27,0.265975565,-0.815703683,-1.782972775
9/1/1997,0.94,-0.06,-1.02,0.94,0.938594743,-0.063458171,-1.015554549
10/1/1997,1.17,1.18,-0.35,1.17,1.167618583,1.176557102,-0.352216273
11/1/1997,-1.26,1.01,-0.08,-1.26,-1.260329652,1.010212922,-0.07770268
12/1/1997,0.66,0.73,0.19,0.66,0.658268581,0.725153636,0.188960113
1/1/1998,0.12,-0.39,1,0.12,0.12281345,-0.390816568,1.003743063
2/1/1998,-0.2,0.14,0.98,-0.2,-0.19567705,0.135612486,0.983915918
3/1/1998,0.45,0.15,0.53,0.45,0.45401653,0.145049999,0.528912282
4/1/1998,-0.77,-0.53,-0.66,-0.77,-0.772897167,-0.530828248,-0.662525067
5/1/1998,1.08,0.54,0.48,1.08,1.080889319,0.537324449,0.477298181
6/1/1998,0.3,0.51,0.44,0.3,0.300071941,0.505187456,0.436748665
7/1/1998,0.61,0.96,0.6,0.61,0.610766838,0.957562788,0.599336161
8/1/1998,-0.37,0.29,0.51,-0.37,-0.371254574,0.289429837,0.505494079
9/1/1998,-0.69,-0.22,0.16,-0.69,-0.694891361,-0.216157901,0.16403534
10/1/1998,1.35,-0.05,0.77,1.35,1.349864578,-0.052153476,0.769171496
11/1/1998,2.18,1.08,0.77,2.18,2.183087965,1.075050052,0.771239464
12/1/1998,-1.28,1.88,0.73,-1.28,-1.28440758,1.875320788,0.725031544
1/1/1999,-0.93,1.3,0.46,-0.93,-0.930192894,1.295689097,0.455645352
2/1/1999,-0.02,-1.21,0.74,-0.02,-0.022379164,-1.212921808,0.735833064
3/1/1999,-0.19,-0.63,1.23,-0.19,-0.192222792,-0.632591949,1.227257755
4/1/1999,1.95,1.48,1.66,1.95,1.951030313,1.478811616,1.662175416
5/1/1999,-0.65,0.7,0.4,-0.65,-0.651571665,0.704480028,0.401793716
6/1/1999,0.05,0.69,0.39,0.05,0.053573261,0.688474498,0.394922986
7/1/1999,-0.27,-0.67,0.2,-0.27,-0.271094837,-0.668763283,0.198621719
8/1/1999,0.95,0.11,0.49,0.95,0.954194576,0.109986564,0.494583834
9/1/1999,0.36,0.24,0.61,0.36,0.358623587,0.241934695,0.608836316
10/1/1999,-1.74,0.12,-0.59,-1.74,-1.744836315,0.119009652,-0.592640604
11/1/1999,-0.26,-0.65,-0.31,-0.26,-0.262017998,-0.653567716,-0.305582452
12/1/1999,-1.61,-2.53,-0.46,-1.61,-1.607098986,-2.525694577,-0.460628539
1/1/2000,0.25,-0.82,-0.21,0.25,0.249650599,-0.817326583,-0.214584931
2/1/2000,0.32,-0.34,-0.94,0.32,0.324724045,-0.340190974,-0.940758841
3/1/2000,1.11,0.9,-0.54,1.11,1.113671492,0.899463492,-0.544137312
4/1/2000,-1.33,-0.16,-0.49,-1.33,-1.327025006,-0.163499526,-0.486577222
5/1/2000,0.16,-0.11,-0.25,0.16,0.155050175,-0.112870929,-0.248467486
6/1/2000,-1.17,-1.25,-0.73,-1.17,-1.167168016,-1.249927561,-0.730211211
7/1/2000,-1.02,-1.18,-1.16,-1.02,-1.015591211,-1.177682853,-1.159379184
8/1/2000,-1.93,-2.35,-1.81,-1.93,-1.931506634,-2.349534842,-1.807332801
9/1/2000,0.32,-1.51,-2.08,0.32,0.318967789,-1.509557662,-2.075238377
10/1/2000,2.15,0.66,-0.64,2.15,2.147922653,0.657681925,-0.637470022
11/1/2000,-0.08,1.33,-0.75,-0.08,-0.077536506,1.330967613,-0.747455407
12/1/2000,-1.19,1.61,-0.35,-1.19,-1.1867353,1.607998653,-0.353323278
1/1/2001,0.34,-0.54,0.42,0.34,0.339459752,-0.535240408,0.422058356
2/1/2001,0.04,-0.4,1.19,0.04,0.041282795,-0.396698401,1.19172937
3/1/2001,-1.05,-0.69,0.94,-1.05,-1.047202261,-0.691140304,0.937330713
4/1/2001,1.26,0.64,0.33,1.26,1.261867088,0.642060679,0.326148858
5/1/2001,-0.25,0.22,0.05,-0.25,-0.254677019,0.217650634,0.054310386
6/1/2001,-1.44,-0.29,-0.55,-1.44,-1.437430913,-0.293159674,-0.546511104
7/1/2001,1.22,0.01,0.23,1.22,1.215599418,0.008013524,0.23404843
8/1/2001,0.15,0.24,0.24,0.15,0.149775082,0.242457528,0.244210661
9/1/2001,1.8,1.96,1.27,1.8,1.797039209,1.964001006,1.265715251
10/1/2001,-0.61,1.31,0.7,-0.61,-0.608768082,1.309294885,0.702450935
11/1/2001,0.98,1.57,1.07,0.98,0.979871728,1.566251346,1.065362058
12/1/2001,-1.61,-0.33,1.69,-1.61,-1.607098986,-0.334500244,1.686088218
1/1/2002,-0.5,0.02,1.25,-0.5,-0.503711846,0.019090457,1.251536491
2/1/2002,-1.31,-2.06,1.22,-1.31,-1.313178534,-2.061934326,1.223207789
3/1/2002,-0.45,-1.15,-1.14,-0.45,-0.452463631,-1.147064292,-1.143790642
4/1/2002,0.03,-0.57,-0.52,0.03,0.032500856,-0.571492472,-0.52476752
5/1/2002,-1.95,-1.52,-1.92,-1.95,-1.945860155,-1.524133642,-1.922298069
6/1/2002,-1.88,-2.37,-2.59,-1.88,-1.877262753,-2.366378935,-2.594009705
7/1/2002,-0.46,-2.35,-2.32,-0.46,-0.456098651,-2.346042419,-2.319010923
8/1/2002,1.28,-0.64,-1.58,1.28,1.276462506,-0.639451547,-1.576514345
9/1/2002,-0.11,0.07,-1.56,-0.11,-0.110209505,0.071230041,-1.559785798
10/1/2002,0.35,0.65,-1.43,0.35,0.351458551,0.648486086,-1.427555668
11/1/2002,-1.03,-0.36,-0.81,-1.03,-1.027715591,-0.358809668,-0.813400374
12/1/2002,-0.56,-0.38,-0.16,-0.56,-0.564161613,-0.378512389,-0.161600088
1/1/2003,0.12,-1.07,0.29,0.12,0.12281345,-1.074541087,0.290351515
2/1/2003,0.82,0.16,-0.42,0.82,0.817926602,0.164769986,-0.422794712
3/1/2003,0.25,0.35,-0.16,0.25,0.24761985,0.353344634,-0.161595854
4/1/2003,0.36,0.4,-0.02,0.36,0.364975316,0.404264777,-0.024377029
5/1/2003,0.36,0.33,0.29,0.36,0.359745872,0.331107776,0.291576598
6/1/2003,-0.1,0.15,0.19,-0.1,-0.101819171,0.147419436,0.187427952
7/1/2003,0.25,0.11,0.2,0.25,0.248476499,0.111568744,0.204086787
8/1/2003,-1.61,-0.59,-0.29,-1.61,-1.608849643,-0.586678867,-0.290913288
9/1/2003,-0.66,-0.99,-0.6,-0.66,-0.656366109,-0.987009375,-0.60375669
10/1/2003,-0.49,-1.94,-0.83,-0.49,-0.487722188,-1.939823256,-0.830420788
11/1/2003,-0.21,-1.13,-1.13,-0.21,-0.206620347,-1.131351625,-1.129703479
12/1/2003,-0.74,-0.95,-1.36,-0.74,-0.735459294,-0.947069066,-1.360908905
1/1/2004,-0.41,-0.95,-2.35,-0.41,-0.411261131,-0.952902621,-2.349321517
2/1/2004,0.45,-0.4,-1.44,0.45,0.44960985,-0.396698401,-1.436300668
3/1/2004,0.63,0.37,-0.49,0.63,0.629394864,0.371428989,-0.494858446
4/1/2004,1,0.99,0.56,1,1.002560796,0.990677069,0.558644454
5/1/2004,-0.78,0.15,-0.01,-0.78,-0.784144572,0.151301953,-0.009154351
6/1/2004,0.28,0.07,0.13,0.28,0.275668898,0.074941739,0.130015052
7/1/2004,1,0.27,0.63,1,0.995498435,0.265867972,0.627248455
8/1/2004,-0.82,0.46,0.37,-0.82,-0.821664033,0.46257044,0.3733661
9/1/2004,1.16,1.02,0.72,1.16,1.163493801,1.024077238,0.724854505
10/1/2004,0.75,0.73,0.55,0.75,0.750310182,0.726024271,0.553755339
11/1/2004,0.57,1.27,1.03,0.57,0.572456259,1.266668966,1.02609726
12/1/2004,-1.39,0.46,1.04,-1.39,-1.390810765,0.458866676,1.038162107
1/1/2005,0.61,0.12,0.68,0.61,0.612166247,0.117542598,0.68469475
2/1/2005,-0.12,-0.34,1.13,-0.12,-0.12367342,-0.340190974,1.13268106
3/1/2005,0.18,0.12,0.29,0.18,0.182045669,0.115190613,0.288457242
4/1/2005,0.87,0.58,0.47,0.87,0.869550422,0.582904121,0.470273784
5/1/2005,-1.02,-0.23,-0.36,-1.02,-1.019200449,-0.227106752,-0.356533729
6/1/2005,2.07,1.22,1.09,2.07,2.070277092,1.220554177,1.085404745
7/1/2005,-0.86,0.35,0.49,-0.86,-0.859554216,0.345748933,0.488872032
8/1/2005,1.17,1.33,0.87,1.17,1.165714184,1.332353913,0.87391127
9/1/2005,-1.85,-0.75,0.46,-1.85,-1.854281203,-0.754594784,0.455585834
10/1/2005,0.49,0.08,0.27,0.49,0.485835796,0.076909324,0.265092823
11/1/2005,-0.05,-0.91,0.72,-0.05,-0.05314071,-0.910223736,0.721687416
12/1/2005,0.51,0.31,-0.6,0.51,0.513513054,0.311547246,-0.604893388
1/1/2006,0.69,0.29,0.1,0.69,0.68733172,0.290343232,0.103996722
2/1/2006,0.19,0.49,-0.76,0.19,0.189461749,0.488559572,-0.756509162
3/1/2006,0.58,0.54,0.47,0.58,0.576278563,0.537047576,0.467046676
4/1/2006,0.12,0.23,0.23,0.12,0.118145341,0.226884875,0.231730641
5/1/2006,-1.85,-0.96,-0.76,-1.85,-1.851413235,-0.962430366,-0.759606473
6/1/2006,0.31,-0.85,-0.6,0.31,0.306143328,-0.854537044,-0.597680648
7/1/2006,-0.87,-1.3,-1.04,-0.87,-0.868374067,-1.298040578,-1.041582098
8/1/2006,0.93,-0.05,-0.75,0.93,0.925916261,-0.05311993,-0.747767082
9/1/2006,0.95,0.33,-0.44,0.95,0.953315794,0.332711155,-0.439139355
10/1/2006,-0.15,0.98,-0.49,-0.15,-0.15472529,0.980546039,-0.491486595
11/1/2006,-1.31,0.38,0.08,-1.31,-1.313178534,0.376708066,0.075951329
12/1/2006,1.87,0.21,0.3,1.87,1.867142307,0.208751148,0.304209669
1/1/2007,0.64,0.77,1.17,0.64,0.63752268,0.769238313,1.172978252
2/1/2007,0.43,1.37,0.87,0.43,0.425366749,1.36888994,0.873795909
3/1/2007,1.64,1.49,1.17,1.64,1.644843937,1.492423122,1.16975521
4/1/2007,1.53,1.91,1.85,1.53,1.525079435,1.914649148,1.852871553
5/1/2007,0.7,1.73,1.91,0.7,0.701514244,1.732972015,1.913832658
6/1/2007,0.74,1.48,1.8,0.74,0.742435596,1.475243488,1.79716297
7/1/2007,0.34,0.79,1.55,0.34,0.341310005,0.785203997,1.551716129
8/1/2007,1.91,1.36,2.18,1.91,1.90625692,1.355803972,2.176133397
9/1/2007,-0.31,0.9,1.66,-0.31,-0.312251238,0.897888793,1.661789456
10/1/2007,0.79,1.21,1.28,0.79,0.785734722,1.209090164,1.277784386
11/1/2007,-1.14,-0.22,0.99,-1.14,-1.140822947,-0.21701054,0.991859129
12/1/2007,1.34,0.65,1,1.34,1.341001456,0.651525872,1.00076809
1/1/2008,-1.21,-0.26,1.07,-1.21,-1.207961976,-0.256014625,1.072082062
2/1/2008,-1.31,-0.08,-0.39,-1.31,-1.313178534,-0.080180811,-0.389138098
3/1/2008,-0.98,-2.02,-0.45,-0.98,-0.981271504,-2.022135026,-0.454350766
4/1/2008,1.11,0.35,0.14,1.11,1.106840659,0.346274634,0.139856421
5/1/2008,0.93,0.95,0.82,0.93,0.930152495,0.948332858,0.81999895
6/1/2008,-0.36,0.84,0.33,-0.36,-0.356404232,0.842361107,0.333195698
7/1/2008,-0.2,0.13,0.19,-0.2,-0.200084151,0.127546057,0.190413969
8/1/2008,-0.57,-0.78,0.08,-0.57,-0.567690046,-0.783513609,0.077679861
9/1/2008,0.87,-0.05,0.54,0.87,0.868579261,-0.046377308,0.544724243
10/1/2008,1.02,0.68,0.41,1.02,1.020163963,0.680584756,0.409682034
11/1/2008,0.31,1.08,-0.01,0.31,0.309286659,1.079329362,-0.005026841
12/1/2008,-0.56,0.67,0.18,-0.56,-0.564161613,0.673807621,0.178023393
1/1/2009,1.33,0.49,0.77,1.33,1.325806907,0.487781716,0.770811871
2/1/2009,1.5,1.22,1.47,1.5,1.499564999,1.219506535,1.471803363
3/1/2009,0.16,1.02,1.1,0.16,0.155097705,1.022225769,1.095454754
4/1/2009,1.53,1.51,1.4,1.53,1.530022482,1.508049762,1.403989184
5/1/2009,0.17,0.9,1.11,0.17,0.166511318,0.896512121,1.113807409
6/1/2009,1.92,1.92,2.01,1.92,1.917443663,1.922630644,2.012780003
7/1/2009,0.77,1.44,1.86,0.77,0.766586691,1.435050802,1.859751737
8/1/2009,1.21,2,2.11,1.21,1.211737876,2.004292328,2.111402514
9/1/2009,0.6,1.23,2.23,0.6,0.603819756,1.228432099,2.232172371
10/1/2009,0.62,1.17,1.82,0.62,0.6219138,1.168387438,1.821717698
11/1/2009,-0.83,0.44,1.85,-0.83,-0.828651688,0.439842962,1.848643305
12/1/2009,0.66,0.28,1.16,0.66,0.658268581,0.277712791,1.161022707
